Neighborhood,name,lat,long,note
Blmngtn,Bloomington Heights,42.0627,-93.6418,"Approximate centroid of geocoded 2006-2010 sale locations (Barbour & Fragkias, Data in Brief 2025, doi:10.1016/j.dib.2025.112155); not an official boundary centroid; north Ames, north of Bloomington Rd"
Blueste,Bluestem,42.0094,-93.6457,"Approximate centroid of geocoded 2006-2010 sale locations (Barbour & Fragkias, Data in Brief 2025, doi:10.1016/j.dib.2025.112155); not an official boundary centroid; south Ames, Big/Little Bluestem Ct off Mortensen Pkwy"
BrDale,Briardale,42.0521,-93.6284,"Approximate centroid of geocoded 2006-2010 sale locations (Barbour & Fragkias, Data in Brief 2025, doi:10.1016/j.dib.2025.112155); not an official boundary centroid; northeast Ames, Briardale Square east of N Grand Ave"
BrkSide,Brookside,42.0324,-93.6251,"Approximate centroid of geocoded 2006-2010 sale locations (Barbour & Fragkias, Data in Brief 2025, doi:10.1016/j.dib.2025.112155); not an official boundary centroid; central Ames around Brookside Park"
ClearCr,Clear Creek,42.0280,-93.6711,"Approximate centroid of geocoded 2006-2010 sale locations (Barbour & Fragkias, Data in Brief 2025, doi:10.1016/j.dib.2025.112155); not an official boundary centroid; west Ames, straddles Clear Creek waterway"
CollgCr,College Creek,42.0193,-93.6868,"Approximate centroid of geocoded 2006-2010 sale locations (Barbour & Fragkias, Data in Brief 2025, doi:10.1016/j.dib.2025.112155); not an official boundary centroid; far southwest Ames along College Creek corridor"
Crawfor,Crawford,42.0153,-93.6403,"Approximate centroid of geocoded 2006-2010 sale locations (Barbour & Fragkias, Data in Brief 2025, doi:10.1016/j.dib.2025.112155); not an official boundary centroid; south of ISU campus, between S Duff Ave and S Grand Ave"
Edwards,Edwards,42.0220,-93.6667,"Approximate centroid of geocoded 2006-2010 sale locations (Barbour & Fragkias, Data in Brief 2025, doi:10.1016/j.dib.2025.112155); not an official boundary centroid; west Ames, Edwards Elementary area"
Gilbert,Gilbert,42.0602,-93.6398,"Approximate centroid of geocoded 2006-2010 sale locations (Barbour & Fragkias, Data in Brief 2025, doi:10.1016/j.dib.2025.112155); not an official boundary centroid; far north Ames (the dataset neighborhood, not the separate town of Gilbert)"
IDOTRR,Iowa DOT and Rail Road,42.0224,-93.6215,"Approximate centroid of geocoded 2006-2010 sale locations (Barbour & Fragkias, Data in Brief 2025, doi:10.1016/j.dib.2025.112155); not an official boundary centroid; elongated along the UP rail corridor southeast of downtown; centroid less representative"
MeadowV,Meadow Village,41.9920,-93.6033,"Approximate centroid of geocoded 2006-2010 sale locations (Barbour & Fragkias, Data in Brief 2025, doi:10.1016/j.dib.2025.112155); not an official boundary centroid; southeast Ames, adjacent to Mitchell"
Mitchel,Mitchell,41.9920,-93.6049,"Approximate centroid of geocoded 2006-2010 sale locations (Barbour & Fragkias, Data in Brief 2025, doi:10.1016/j.dib.2025.112155); not an official boundary centroid; southeast Ames, Kate Mitchell Elementary area"
NAmes,North Ames,42.0424,-93.6176,"Approximate centroid of geocoded 2006-2010 sale locations (Barbour & Fragkias, Data in Brief 2025, doi:10.1016/j.dib.2025.112155); not an official boundary centroid; broad north-central Ames along N Grand Ave / 13th St"
NPkVill,Northpark Villa,42.0504,-93.6259,"Approximate centroid of geocoded 2006-2010 sale locations (Barbour & Fragkias, Data in Brief 2025, doi:10.1016/j.dib.2025.112155); not an official boundary centroid; just east of North Grand Mall"
NWAmes,Northwest Ames,42.0495,-93.6340,"Approximate centroid of geocoded 2006-2010 sale locations (Barbour & Fragkias, Data in Brief 2025, doi:10.1016/j.dib.2025.112155); not an official boundary centroid; northwest of central Ames, between Grand Ave and Northridge subdivisions"
NoRidge,Northridge,42.0514,-93.6532,"Approximate centroid of geocoded 2006-2010 sale locations (Barbour & Fragkias, Data in Brief 2025, doi:10.1016/j.dib.2025.112155); not an official boundary centroid; north Ames along Northridge Pkwy"
NridgHt,Northridge Heights,42.0600,-93.6539,"Approximate centroid of geocoded 2006-2010 sale locations (Barbour & Fragkias, Data in Brief 2025, doi:10.1016/j.dib.2025.112155); not an official boundary centroid; northwest Ames"
OldTown,Old Town,42.0310,-93.6146,"Approximate centroid of geocoded 2006-2010 sale locations (Barbour & Fragkias, Data in Brief 2025, doi:10.1016/j.dib.2025.112155); not an official boundary centroid; historic Old Town, east of downtown"
SWISU,South & West of Iowa State University,42.0200,-93.6510,"Approximate centroid of geocoded 2006-2010 sale locations (Barbour & Fragkias, Data in Brief 2025, doi:10.1016/j.dib.2025.112155); not an official boundary centroid; immediately south/west of ISU campus"
Sawyer,Sawyer,42.0333,-93.6703,"Approximate centroid of geocoded 2006-2010 sale locations (Barbour & Fragkias, Data in Brief 2025, doi:10.1016/j.dib.2025.112155); not an official boundary centroid; west Ames, around Sawyer Elementary (Ontario St)"
SawyerW,Sawyer West,42.0345,-93.6862,"Approximate centroid of geocoded 2006-2010 sale locations (Barbour & Fragkias, Data in Brief 2025, doi:10.1016/j.dib.2025.112155); not an official boundary centroid; far west Ames, directly west of Sawyer"
Somerst,Somerset,42.0503,-93.6444,"Approximate centroid of geocoded 2006-2010 sale locations (Barbour & Fragkias, Data in Brief 2025, doi:10.1016/j.dib.2025.112155); not an official boundary centroid; north Ames, Somerset neighbourhood"
StoneBr,Stone Brook,42.0603,-93.6306,"Approximate centroid of geocoded 2006-2010 sale locations (Barbour & Fragkias, Data in Brief 2025, doi:10.1016/j.dib.2025.112155); not an official boundary centroid; north Ames, Stone Brooke Rd area, east of Bloomington Heights"
Timber,Timberland,41.9964,-93.6489,"Approximate centroid of geocoded 2006-2010 sale locations (Barbour & Fragkias, Data in Brief 2025, doi:10.1016/j.dib.2025.112155); not an official boundary centroid; south Ames along Timberland Rd"
Veenker,Veenker,42.0415,-93.6516,"Approximate centroid of geocoded 2006-2010 sale locations (Barbour & Fragkias, Data in Brief 2025, doi:10.1016/j.dib.2025.112155); not an official boundary centroid; around Veenker Memorial Golf Course, north of ISU campus"
